tournament_id,tournament_name,award_id,award_name,shared,player_id,family_name,given_name,team_id,team_name,team_code
013eb3e7-ff79-5592-944c-ca635e888abb,2019 FIFA Women's World Cup,0b160c9c-30db-58a1-b3c3-d1cc97de0cd1,Silver Boot,FALSE,cf14c8ea-cb09-5a37-8eed-2c9771a71d95,Morgan,Alex,10913c23-6023-563d-94df-9b4fb66c3432,United States,USA
013eb3e7-ff79-5592-944c-ca635e888abb,2019 FIFA Women's World Cup,2706856d-7c29-5046-9965-6757353e7c40,Golden Glove,FALSE,b2f2805b-8a85-5209-9f7a-9c5e7030f120,van Veenendaal,Sari,d522b940-a152-5cc7-bcb3-89e28a1ce459,Netherlands,NLD
013eb3e7-ff79-5592-944c-ca635e888abb,2019 FIFA Women's World Cup,2d56e716-10fa-516e-873c-fd3d07311ac3,Bronze Ball,FALSE,1118a508-26ae-5fa7-b5e8-d07f2cf8ab82,Lavelle,Rose,10913c23-6023-563d-94df-9b4fb66c3432,United States,USA
013eb3e7-ff79-5592-944c-ca635e888abb,2019 FIFA Women's World Cup,672468ba-91c6-59fb-99ee-fbd95ceb3da1,Golden Boot,FALSE,a2b5f03d-c569-5a33-bd83-3cd6defb880b,Rapinoe,Megan,10913c23-6023-563d-94df-9b4fb66c3432,United States,USA
013eb3e7-ff79-5592-944c-ca635e888abb,2019 FIFA Women's World Cup,7bce3bf7-bf00-57c4-a233-df30f1649bf4,Best Young Player,FALSE,bb8d9d7d-e5fd-5b37-9364-1a0d3ca0e8af,Gwinn,Giulia,eff0a856-a340-5ec8-84e8-121552da2cda,Germany,DEU
013eb3e7-ff79-5592-944c-ca635e888abb,2019 FIFA Women's World Cup,dc1a1d87-90b1-53a5-b459-f640fef335fe,Silver Ball,FALSE,942b6127-616f-5574-8ed5-19dec9b48ebc,Bronze,Lucy,43c1aac8-fa85-5e16-ba9c-4cfdcbc975b8,England,ENG
013eb3e7-ff79-5592-944c-ca635e888abb,2019 FIFA Women's World Cup,dffdfdd4-1589-58b6-9d9c-8d7dad85fff3,Bronze Boot,FALSE,8004e53f-a1d6-53fd-a009-9a092911d29b,White,Ellen,43c1aac8-fa85-5e16-ba9c-4cfdcbc975b8,England,ENG
013eb3e7-ff79-5592-944c-ca635e888abb,2019 FIFA Women's World Cup,ffb4a7c1-56a8-5e9b-86c7-c9bafbe0997b,Golden Ball,FALSE,a2b5f03d-c569-5a33-bd83-3cd6defb880b,Rapinoe,Megan,10913c23-6023-563d-94df-9b4fb66c3432,United States,USA
09a48bd3-5401-5de4-9bd5-0e907ba0fee6,2015 FIFA Women's World Cup,0b160c9c-30db-58a1-b3c3-d1cc97de0cd1,Silver Boot,FALSE,deac22d1-515b-5076-b3d2-5c248fa1521f,Lloyd,Carli,10913c23-6023-563d-94df-9b4fb66c3432,United States,USA
09a48bd3-5401-5de4-9bd5-0e907ba0fee6,2015 FIFA Women's World Cup,2706856d-7c29-5046-9965-6757353e7c40,Golden Glove,FALSE,558c67b8-7cc6-5d06-86f5-9b11161c5d2a,Solo,Hope,10913c23-6023-563d-94df-9b4fb66c3432,United States,USA
09a48bd3-5401-5de4-9bd5-0e907ba0fee6,2015 FIFA Women's World Cup,2d56e716-10fa-516e-873c-fd3d07311ac3,Bronze Ball,FALSE,600ee0ab-462e-53cd-b664-4bacfafa3438,Miyama,Aya,230373b7-3a16-506a-b5f6-acc37d7e801d,Japan,JPN
09a48bd3-5401-5de4-9bd5-0e907ba0fee6,2015 FIFA Women's World Cup,672468ba-91c6-59fb-99ee-fbd95ceb3da1,Golden Boot,FALSE,d4368802-35bf-57e9-988e-3aa5cf54f028,Šašić,Célia,eff0a856-a340-5ec8-84e8-121552da2cda,Germany,DEU
09a48bd3-5401-5de4-9bd5-0e907ba0fee6,2015 FIFA Women's World Cup,7bce3bf7-bf00-57c4-a233-df30f1649bf4,Best Young Player,FALSE,daaaa7ff-bdbf-5130-a0ec-bdd048640701,Buchanan,Kadeisha,1234d812-2e40-561b-90a3-ed4f9e66bd63,Canada,CAN
09a48bd3-5401-5de4-9bd5-0e907ba0fee6,2015 FIFA Women's World Cup,dc1a1d87-90b1-53a5-b459-f640fef335fe,Silver Ball,FALSE,d1ee83de-938d-5f55-8e58-513d8815a7ca,Henry,Amandine,3d11f07c-c004-508d-9001-6f944119b2b0,France,FRA
09a48bd3-5401-5de4-9bd5-0e907ba0fee6,2015 FIFA Women's World Cup,dffdfdd4-1589-58b6-9d9c-8d7dad85fff3,Bronze Boot,FALSE,fba60221-511a-5bb6-9e5b-6cadc07df930,Mittag,Anja,eff0a856-a340-5ec8-84e8-121552da2cda,Germany,DEU
09a48bd3-5401-5de4-9bd5-0e907ba0fee6,2015 FIFA Women's World Cup,ffb4a7c1-56a8-5e9b-86c7-c9bafbe0997b,Golden Ball,FALSE,deac22d1-515b-5076-b3d2-5c248fa1521f,Lloyd,Carli,10913c23-6023-563d-94df-9b4fb66c3432,United States,USA
14ac8c65-b6bd-5301-83ca-d190f210e04f,1999 FIFA Women's World Cup,2706856d-7c29-5046-9965-6757353e7c40,Golden Glove,TRUE,8e19ce04-a1eb-53ae-8995-7d00ae966422,Gao,Hong,93542d8e-8aca-5c07-ad21-5c493fdf083e,China,CHN
14ac8c65-b6bd-5301-83ca-d190f210e04f,1999 FIFA Women's World Cup,2706856d-7c29-5046-9965-6757353e7c40,Golden Glove,TRUE,f4ca25eb-dba7-5a77-a44a-1b9f78d20890,Scurry,Briana,10913c23-6023-563d-94df-9b4fb66c3432,United States,USA
14ac8c65-b6bd-5301-83ca-d190f210e04f,1999 FIFA Women's World Cup,2d56e716-10fa-516e-873c-fd3d07311ac3,Bronze Ball,FALSE,f391f2ac-4261-57a6-88dd-be7bf840f44f,Akers,Michelle,10913c23-6023-563d-94df-9b4fb66c3432,United States,USA
14ac8c65-b6bd-5301-83ca-d190f210e04f,1999 FIFA Women's World Cup,672468ba-91c6-59fb-99ee-fbd95ceb3da1,Golden Boot,TRUE,cf2023da-2602-5243-8b49-f2542957fdec,Sissi,,498c5353-84ca-5f1c-8d71-0ae02196227c,Brazil,BRA
14ac8c65-b6bd-5301-83ca-d190f210e04f,1999 FIFA Women's World Cup,672468ba-91c6-59fb-99ee-fbd95ceb3da1,Golden Boot,TRUE,c60b27c9-3f90-5261-8750-4c5f377b295a,Sun,Wen,93542d8e-8aca-5c07-ad21-5c493fdf083e,China,CHN
14ac8c65-b6bd-5301-83ca-d190f210e04f,1999 FIFA Women's World Cup,dc1a1d87-90b1-53a5-b459-f640fef335fe,Silver Ball,FALSE,cf2023da-2602-5243-8b49-f2542957fdec,Sissi,,498c5353-84ca-5f1c-8d71-0ae02196227c,Brazil,BRA
14ac8c65-b6bd-5301-83ca-d190f210e04f,1999 FIFA Women's World Cup,dffdfdd4-1589-58b6-9d9c-8d7dad85fff3,Bronze Boot,FALSE,fed9938a-eeac-599e-ad8f-03d456de0420,Aarønes,Ann Kristin,187544dc-4b46-5bf6-a079-e124899a9090,Norway,NOR
14ac8c65-b6bd-5301-83ca-d190f210e04f,1999 FIFA Women's World Cup,ffb4a7c1-56a8-5e9b-86c7-c9bafbe0997b,Golden Ball,FALSE,c60b27c9-3f90-5261-8750-4c5f377b295a,Sun,Wen,93542d8e-8aca-5c07-ad21-5c493fdf083e,China,CHN
15f11a97-c603-53ea-be3a-d196027360e9,1930 FIFA Men's World Cup,0b160c9c-30db-58a1-b3c3-d1cc97de0cd1,Silver Boot,FALSE,ac0f4b77-cefa-51ef-aead-07fee7dd9f91,Cea,Pedro,f8764a69-de29-59f5-8e79-715c4bf88a11,Uruguay,URY
15f11a97-c603-53ea-be3a-d196027360e9,1930 FIFA Men's World Cup,672468ba-91c6-59fb-99ee-fbd95ceb3da1,Golden Boot,FALSE,f6c4e5f2-079c-5b10-a65b-20cc9f1b74a6,Stábile,Guillermo,933a103d-d9d7-57a3-9c4a-fbc81d25a266,Argentina,ARG
15f11a97-c603-53ea-be3a-d196027360e9,1930 FIFA Men's World Cup,dffdfdd4-1589-58b6-9d9c-8d7dad85fff3,Bronze Boot,FALSE,0178b0d6-d1b8-59cb-b6b8-cc4f4060c8fa,Patenaude,Bert,10913c23-6023-563d-94df-9b4fb66c3432,United States,USA
16504e44-4d0e-5f54-9f9d-c1dfa90a0f20,1966 FIFA Men's World Cup,0b160c9c-30db-58a1-b3c3-d1cc97de0cd1,Silver Boot,FALSE,9f33a8a5-02b8-5290-bede-e946023a7c13,Haller,Helmut,adbcf28f-5f27-56bd-bca0-909cf77a8ae0,West Germany,DEU
16504e44-4d0e-5f54-9f9d-c1dfa90a0f20,1966 FIFA Men's World Cup,672468ba-91c6-59fb-99ee-fbd95ceb3da1,Golden Boot,FALSE,348022e6-d570-5426-8c84-59a7656e69f8,Eusébio,,13eebf0f-eb49-5e70-97f9-84f0395ceff1,Portugal,PRT
16504e44-4d0e-5f54-9f9d-c1dfa90a0f20,1966 FIFA Men's World Cup,7bce3bf7-bf00-57c4-a233-df30f1649bf4,Best Young Player,FALSE,a6d6171a-3cc0-5622-91c6-70d890978566,Beckenbauer,Franz,adbcf28f-5f27-56bd-bca0-909cf77a8ae0,West Germany,DEU
16504e44-4d0e-5f54-9f9d-c1dfa90a0f20,1966 FIFA Men's World Cup,dffdfdd4-1589-58b6-9d9c-8d7dad85fff3,Bronze Boot,TRUE,a6d6171a-3cc0-5622-91c6-70d890978566,Beckenbauer,Franz,adbcf28f-5f27-56bd-bca0-909cf77a8ae0,West Germany,DEU
16504e44-4d0e-5f54-9f9d-c1dfa90a0f20,1966 FIFA Men's World Cup,dffdfdd4-1589-58b6-9d9c-8d7dad85fff3,Bronze Boot,TRUE,cea57e46-1607-5b3c-a29b-d88941bc8392,Bene,Ferenc,f16b7d5c-db54-5b27-b827-e848a3035641,Hungary,HUN
16504e44-4d0e-5f54-9f9d-c1dfa90a0f20,1966 FIFA Men's World Cup,dffdfdd4-1589-58b6-9d9c-8d7dad85fff3,Bronze Boot,TRUE,1bbb56d9-1b86-5bfb-8928-450222411144,Hurst,Geoff,43c1aac8-fa85-5e16-ba9c-4cfdcbc975b8,England,ENG
16504e44-4d0e-5f54-9f9d-c1dfa90a0f20,1966 FIFA Men's World Cup,dffdfdd4-1589-58b6-9d9c-8d7dad85fff3,Bronze Boot,TRUE,e0143a1d-3ace-5d4c-9dad-0559f2c176d0,Porkujan,Valeriy,6c983d26-03e1-5649-a13f-42b61e101a0e,Soviet Union,SUN
173406d4-d15a-5033-bddc-c3f91ccad965,1978 FIFA Men's World Cup,0b160c9c-30db-58a1-b3c3-d1cc97de0cd1,Silver Boot,FALSE,9c3f4876-4e13-5142-bfd2-7b15191d853e,Cubillas,Teófilo,db3abc88-7f89-5183-bc6d-ea6fa7c361d9,Peru,PER
173406d4-d15a-5033-bddc-c3f91ccad965,1978 FIFA Men's World Cup,2d56e716-10fa-516e-873c-fd3d07311ac3,Bronze Ball,FALSE,e597ad94-d887-590f-88cb-f06a9c358dd3,Dirceu,,498c5353-84ca-5f1c-8d71-0ae02196227c,Brazil,BRA
173406d4-d15a-5033-bddc-c3f91ccad965,1978 FIFA Men's World Cup,672468ba-91c6-59fb-99ee-fbd95ceb3da1,Golden Boot,FALSE,24f32533-bea2-57d3-806f-f01120e3d751,Kempes,Mario,933a103d-d9d7-57a3-9c4a-fbc81d25a266,Argentina,ARG
173406d4-d15a-5033-bddc-c3f91ccad965,1978 FIFA Men's World Cup,7bce3bf7-bf00-57c4-a233-df30f1649bf4,Best Young Player,FALSE,e17d0f3f-f0c0-5714-8c19-c57f7b51323b,Cabrini,Antonio,a42d3d6a-78dd-5ae6-8408-079a857a7c30,Italy,ITA
173406d4-d15a-5033-bddc-c3f91ccad965,1978 FIFA Men's World Cup,dc1a1d87-90b1-53a5-b459-f640fef335fe,Silver Ball,FALSE,89c7528b-4e1b-5141-97ed-746c280e9a4a,Rossi,Paolo,a42d3d6a-78dd-5ae6-8408-079a857a7c30,Italy,ITA
173406d4-d15a-5033-bddc-c3f91ccad965,1978 FIFA Men's World Cup,dffdfdd4-1589-58b6-9d9c-8d7dad85fff3,Bronze Boot,FALSE,ea2da0fb-34b0-5813-8789-cdd218e3d0e7,Rensenbrink,Rob,d522b940-a152-5cc7-bcb3-89e28a1ce459,Netherlands,NLD
173406d4-d15a-5033-bddc-c3f91ccad965,1978 FIFA Men's World Cup,ffb4a7c1-56a8-5e9b-86c7-c9bafbe0997b,Golden Ball,FALSE,24f32533-bea2-57d3-806f-f01120e3d751,Kempes,Mario,933a103d-d9d7-57a3-9c4a-fbc81d25a266,Argentina,ARG
1e88b29b-3883-56c0-a9f4-0fc4447d0f51,1995 FIFA Women's World Cup,0b160c9c-30db-58a1-b3c3-d1cc97de0cd1,Silver Boot,FALSE,7fca7ac4-783e-58c9-ab5a-4b9739ece8dc,Riise,Hege,187544dc-4b46-5bf6-a079-e124899a9090,Norway,NOR
1e88b29b-3883-56c0-a9f4-0fc4447d0f51,1995 FIFA Women's World Cup,2d56e716-10fa-516e-873c-fd3d07311ac3,Bronze Ball,FALSE,fed9938a-eeac-599e-ad8f-03d456de0420,Aarønes,Ann Kristin,187544dc-4b46-5bf6-a079-e124899a9090,Norway,NOR
1e88b29b-3883-56c0-a9f4-0fc4447d0f51,1995 FIFA Women's World Cup,672468ba-91c6-59fb-99ee-fbd95ceb3da1,Golden Boot,FALSE,fed9938a-eeac-599e-ad8f-03d456de0420,Aarønes,Ann Kristin,187544dc-4b46-5bf6-a079-e124899a9090,Norway,NOR
1e88b29b-3883-56c0-a9f4-0fc4447d0f51,1995 FIFA Women's World Cup,dc1a1d87-90b1-53a5-b459-f640fef335fe,Silver Ball,FALSE,a6396e87-d2bc-5494-9e24-238799e46006,Espeseth,Gro,187544dc-4b46-5bf6-a079-e124899a9090,Norway,NOR
1e88b29b-3883-56c0-a9f4-0fc4447d0f51,1995 FIFA Women's World Cup,dffdfdd4-1589-58b6-9d9c-8d7dad85fff3,Bronze Boot,FALSE,66db88bd-b330-538a-8714-0a2e50068934,Shi,Guihong,93542d8e-8aca-5c07-ad21-5c493fdf083e,China,CHN
1e88b29b-3883-56c0-a9f4-0fc4447d0f51,1995 FIFA Women's World Cup,ffb4a7c1-56a8-5e9b-86c7-c9bafbe0997b,Golden Ball,FALSE,7fca7ac4-783e-58c9-ab5a-4b9739ece8dc,Riise,Hege,187544dc-4b46-5bf6-a079-e124899a9090,Norway,NOR
20ab0077-a605-5083-9dc5-cd0d38739b20,1994 FIFA Men's World Cup,2706856d-7c29-5046-9965-6757353e7c40,Golden Glove,FALSE,941ff295-53c1-55f5-9374-0ac4c7fa5de3,Preud'homme,Michel,3aa56241-3868-505a-ac6a-753aefa79cc2,Belgium,BEL
20ab0077-a605-5083-9dc5-cd0d38739b20,1994 FIFA Men's World Cup,2d56e716-10fa-516e-873c-fd3d07311ac3,Bronze Ball,FALSE,3d429cd6-3d00-5163-a90f-a858f6f900c1,Stoichkov,Hristo,f4b41163-3c82-5e1e-af54-e7ecc8a15135,Bulgaria,BGR
20ab0077-a605-5083-9dc5-cd0d38739b20,1994 FIFA Men's World Cup,672468ba-91c6-59fb-99ee-fbd95ceb3da1,Golden Boot,TRUE,9bfb3cf2-2b39-56fe-80fa-00555f10c249,Salenko,Oleg,6eb0485e-97e8-57e7-bf93-6c300f3e003a,Russia,RUS
20ab0077-a605-5083-9dc5-cd0d38739b20,1994 FIFA Men's World Cup,672468ba-91c6-59fb-99ee-fbd95ceb3da1,Golden Boot,TRUE,3d429cd6-3d00-5163-a90f-a858f6f900c1,Stoichkov,Hristo,f4b41163-3c82-5e1e-af54-e7ecc8a15135,Bulgaria,BGR
20ab0077-a605-5083-9dc5-cd0d38739b20,1994 FIFA Men's World Cup,7bce3bf7-bf00-57c4-a233-df30f1649bf4,Best Young Player,FALSE,23acfd2b-d706-5da0-b0d7-be52e72106c3,Overmars,Marc,d522b940-a152-5cc7-bcb3-89e28a1ce459,Netherlands,NLD
20ab0077-a605-5083-9dc5-cd0d38739b20,1994 FIFA Men's World Cup,dc1a1d87-90b1-53a5-b459-f640fef335fe,Silver Ball,FALSE,cf05a9b9-1ccf-5c78-b51e-a685a5a6a6b9,Baggio,Roberto,a42d3d6a-78dd-5ae6-8408-079a857a7c30,Italy,ITA
20ab0077-a605-5083-9dc5-cd0d38739b20,1994 FIFA Men's World Cup,dffdfdd4-1589-58b6-9d9c-8d7dad85fff3,Bronze Boot,TRUE,f6804938-78a2-5570-827f-457accc951ec,Andersson,Kennet,3611e724-8c08-5f63-b63d-e1cad6af784c,Sweden,SWE
20ab0077-a605-5083-9dc5-cd0d38739b20,1994 FIFA Men's World Cup,dffdfdd4-1589-58b6-9d9c-8d7dad85fff3,Bronze Boot,TRUE,705a28fe-4421-5794-a754-fdc7846fe0e8,Romário,,498c5353-84ca-5f1c-8d71-0ae02196227c,Brazil,BRA
20ab0077-a605-5083-9dc5-cd0d38739b20,1994 FIFA Men's World Cup,ffb4a7c1-56a8-5e9b-86c7-c9bafbe0997b,Golden Ball,FALSE,705a28fe-4421-5794-a754-fdc7846fe0e8,Romário,,498c5353-84ca-5f1c-8d71-0ae02196227c,Brazil,BRA
2670ca56-9aab-5ab6-95fe-055da95f80ff,2018 FIFA Men's World Cup,0b160c9c-30db-58a1-b3c3-d1cc97de0cd1,Silver Boot,FALSE,b0e9893a-85a2-5be7-b3fc-19822921599c,Griezmann,Antoine,3d11f07c-c004-508d-9001-6f944119b2b0,France,FRA
2670ca56-9aab-5ab6-95fe-055da95f80ff,2018 FIFA Men's World Cup,2706856d-7c29-5046-9965-6757353e7c40,Golden Glove,FALSE,365f9f9d-fe95-5bb4-8560-5c2dcd6d946d,Courtois,Thibaut,3aa56241-3868-505a-ac6a-753aefa79cc2,Belgium,BEL
2670ca56-9aab-5ab6-95fe-055da95f80ff,2018 FIFA Men's World Cup,2d56e716-10fa-516e-873c-fd3d07311ac3,Bronze Ball,FALSE,b0e9893a-85a2-5be7-b3fc-19822921599c,Griezmann,Antoine,3d11f07c-c004-508d-9001-6f944119b2b0,France,FRA
2670ca56-9aab-5ab6-95fe-055da95f80ff,2018 FIFA Men's World Cup,672468ba-91c6-59fb-99ee-fbd95ceb3da1,Golden Boot,FALSE,9cf6c4fd-8cf5-5ba2-b963-ee29be578f7d,Kane,Harry,43c1aac8-fa85-5e16-ba9c-4cfdcbc975b8,England,ENG
2670ca56-9aab-5ab6-95fe-055da95f80ff,2018 FIFA Men's World Cup,7bce3bf7-bf00-57c4-a233-df30f1649bf4,Best Young Player,FALSE,3ea58353-474b-5011-a28c-af53e448cfc5,Mbappé,Kylian,3d11f07c-c004-508d-9001-6f944119b2b0,France,FRA
2670ca56-9aab-5ab6-95fe-055da95f80ff,2018 FIFA Men's World Cup,dc1a1d87-90b1-53a5-b459-f640fef335fe,Silver Ball,FALSE,3826fb70-8da7-50c7-9b18-33659f9be60b,Hazard,Eden,3aa56241-3868-505a-ac6a-753aefa79cc2,Belgium,BEL
2670ca56-9aab-5ab6-95fe-055da95f80ff,2018 FIFA Men's World Cup,dffdfdd4-1589-58b6-9d9c-8d7dad85fff3,Bronze Boot,FALSE,e1136b8b-9398-573b-8bd1-b1214de9cd61,Lukaku,Romelu,3aa56241-3868-505a-ac6a-753aefa79cc2,Belgium,BEL
2670ca56-9aab-5ab6-95fe-055da95f80ff,2018 FIFA Men's World Cup,ffb4a7c1-56a8-5e9b-86c7-c9bafbe0997b,Golden Ball,FALSE,36378d2c-59c1-5ed4-8030-08041f7b9eeb,Modrić,Luka,0db8bc49-3546-517c-af2c-7abd04ae2214,Croatia,HRV
27c90506-c75e-5fba-813d-68c0722b56bf,1938 FIFA Men's World Cup,0b160c9c-30db-58a1-b3c3-d1cc97de0cd1,Silver Boot,TRUE,eb219028-4097-5f19-ba16-76ef34f3ee6b,Piola,Silvio,a42d3d6a-78dd-5ae6-8408-079a857a7c30,Italy,ITA
27c90506-c75e-5fba-813d-68c0722b56bf,1938 FIFA Men's World Cup,0b160c9c-30db-58a1-b3c3-d1cc97de0cd1,Silver Boot,TRUE,b504d4a5-8ec6-5236-a2a2-63e8bfc53f46,Sárosi,György,f16b7d5c-db54-5b27-b827-e848a3035641,Hungary,HUN
27c90506-c75e-5fba-813d-68c0722b56bf,1938 FIFA Men's World Cup,0b160c9c-30db-58a1-b3c3-d1cc97de0cd1,Silver Boot,TRUE,964cf0d1-ab94-59fa-9cd4-9d1c5dc280ea,Zsengellér,Gyula,f16b7d5c-db54-5b27-b827-e848a3035641,Hungary,HUN
27c90506-c75e-5fba-813d-68c0722b56bf,1938 FIFA Men's World Cup,672468ba-91c6-59fb-99ee-fbd95ceb3da1,Golden Boot,FALSE,13fe3534-a2ea-5345-a87a-50403a8fc539,Leônidas,,498c5353-84ca-5f1c-8d71-0ae02196227c,Brazil,BRA
28d9ffd2-6063-5c73-aed8-40f06aeb44db,1990 FIFA Men's World Cup,0b160c9c-30db-58a1-b3c3-d1cc97de0cd1,Silver Boot,FALSE,e6ab21ee-0c6c-5c0a-a23f-690085bed84e,Skuhravý,Tomáš,cf23603f-09d6-52e6-9c7e-fb8db4554297,Czechoslovakia,CSK
28d9ffd2-6063-5c73-aed8-40f06aeb44db,1990 FIFA Men's World Cup,2d56e716-10fa-516e-873c-fd3d07311ac3,Bronze Ball,FALSE,3f00458e-da43-502e-ad10-2318ba2694df,Maradona,Diego,933a103d-d9d7-57a3-9c4a-fbc81d25a266,Argentina,ARG
28d9ffd2-6063-5c73-aed8-40f06aeb44db,1990 FIFA Men's World Cup,672468ba-91c6-59fb-99ee-fbd95ceb3da1,Golden Boot,FALSE,c97e904c-bb91-5d91-a795-34212acc0762,Schillaci,Salvatore,a42d3d6a-78dd-5ae6-8408-079a857a7c30,Italy,ITA
28d9ffd2-6063-5c73-aed8-40f06aeb44db,1990 FIFA Men's World Cup,7bce3bf7-bf00-57c4-a233-df30f1649bf4,Best Young Player,FALSE,392b0ab0-d52e-527e-878a-f028d2823b0d,Prosinečki,Robert,9a9be60e-89da-590c-95a8-6e5802b5deb5,Yugoslavia,YUG
28d9ffd2-6063-5c73-aed8-40f06aeb44db,1990 FIFA Men's World Cup,7bce3bf7-bf00-57c4-a233-df30f1649bf4,Best Young Player,FALSE,9e01eb0f-2745-5595-9caf-8a179645cb66,Prosinečki,Robert,9a9be60e-89da-590c-95a8-6e5802b5deb5,Yugoslavia,YUG
28d9ffd2-6063-5c73-aed8-40f06aeb44db,1990 FIFA Men's World Cup,dc1a1d87-90b1-53a5-b459-f640fef335fe,Silver Ball,FALSE,c5dc8e1e-4f86-5c6f-9098-d6c12c30580f,Matthäus,Lothar,adbcf28f-5f27-56bd-bca0-909cf77a8ae0,West Germany,DEU
28d9ffd2-6063-5c73-aed8-40f06aeb44db,1990 FIFA Men's World Cup,dc1a1d87-90b1-53a5-b459-f640fef335fe,Silver Ball,FALSE,ebfde2ef-a15b-5e14-8531-2eef0c4bf247,Matthäus,Lothar,adbcf28f-5f27-56bd-bca0-909cf77a8ae0,West Germany,DEU
28d9ffd2-6063-5c73-aed8-40f06aeb44db,1990 FIFA Men's World Cup,dffdfdd4-1589-58b6-9d9c-8d7dad85fff3,Bronze Boot,TRUE,44c21d1a-7232-5642-8d8d-1607e5c0f026,Lineker,Gary,43c1aac8-fa85-5e16-ba9c-4cfdcbc975b8,England,ENG
28d9ffd2-6063-5c73-aed8-40f06aeb44db,1990 FIFA Men's World Cup,dffdfdd4-1589-58b6-9d9c-8d7dad85fff3,Bronze Boot,TRUE,a45d1194-35ac-561b-9547-789972c3668b,Milla,Roger,eb88a8cc-be5e-5116-8926-ba595504709a,Cameroon,CMR
28d9ffd2-6063-5c73-aed8-40f06aeb44db,1990 FIFA Men's World Cup,ffb4a7c1-56a8-5e9b-86c7-c9bafbe0997b,Golden Ball,FALSE,c97e904c-bb91-5d91-a795-34212acc0762,Schillaci,Salvatore,a42d3d6a-78dd-5ae6-8408-079a857a7c30,Italy,ITA
3ceb381b-9f6e-54ff-b80d-d1bade27a3b5,2003 FIFA Women's World Cup,0b160c9c-30db-58a1-b3c3-d1cc97de0cd1,Silver Boot,FALSE,783b097f-8b3d-52cd-a841-5a577686422c,Meinert,Maren,eff0a856-a340-5ec8-84e8-121552da2cda,Germany,DEU
3ceb381b-9f6e-54ff-b80d-d1bade27a3b5,2003 FIFA Women's World Cup,2706856d-7c29-5046-9965-6757353e7c40,Golden Glove,FALSE,314371b3-d327-5520-85a2-1ca419b42eb9,Rottenberg,Silke,eff0a856-a340-5ec8-84e8-121552da2cda,Germany,DEU
3ceb381b-9f6e-54ff-b80d-d1bade27a3b5,2003 FIFA Women's World Cup,2d56e716-10fa-516e-873c-fd3d07311ac3,Bronze Ball,FALSE,783b097f-8b3d-52cd-a841-5a577686422c,Meinert,Maren,eff0a856-a340-5ec8-84e8-121552da2cda,Germany,DEU
3ceb381b-9f6e-54ff-b80d-d1bade27a3b5,2003 FIFA Women's World Cup,672468ba-91c6-59fb-99ee-fbd95ceb3da1,Golden Boot,FALSE,7d72f96a-b5f0-5c5c-b215-4fdd60d4c816,Prinz,Birgit,eff0a856-a340-5ec8-84e8-121552da2cda,Germany,DEU
3ceb381b-9f6e-54ff-b80d-d1bade27a3b5,2003 FIFA Women's World Cup,dc1a1d87-90b1-53a5-b459-f640fef335fe,Silver Ball,FALSE,1bf4d45b-97ca-5585-8283-9875ec7a3827,Svensson,Victoria,3611e724-8c08-5f63-b63d-e1cad6af784c,Sweden,SWE
3ceb381b-9f6e-54ff-b80d-d1bade27a3b5,2003 FIFA Women's World Cup,dffdfdd4-1589-58b6-9d9c-8d7dad85fff3,Bronze Boot,FALSE,352fb9a2-a28c-5e97-a99c-40b29193d440,Kátia,,498c5353-84ca-5f1c-8d71-0ae02196227c,Brazil,BRA
3ceb381b-9f6e-54ff-b80d-d1bade27a3b5,2003 FIFA Women's World Cup,ffb4a7c1-56a8-5e9b-86c7-c9bafbe0997b,Golden Ball,FALSE,7d72f96a-b5f0-5c5c-b215-4fdd60d4c816,Prinz,Birgit,eff0a856-a340-5ec8-84e8-121552da2cda,Germany,DEU
49e2bb03-96ed-5dd7-8325-fadb64dd39cb,2011 FIFA Women's World Cup,0b160c9c-30db-58a1-b3c3-d1cc97de0cd1,Silver Boot,FALSE,08b1c0bd-3a74-503f-b0f2-10eb4553061f,Marta,,498c5353-84ca-5f1c-8d71-0ae02196227c,Brazil,BRA
49e2bb03-96ed-5dd7-8325-fadb64dd39cb,2011 FIFA Women's World Cup,2706856d-7c29-5046-9965-6757353e7c40,Golden Glove,FALSE,558c67b8-7cc6-5d06-86f5-9b11161c5d2a,Solo,Hope,10913c23-6023-563d-94df-9b4fb66c3432,United States,USA
49e2bb03-96ed-5dd7-8325-fadb64dd39cb,2011 FIFA Women's World Cup,2d56e716-10fa-516e-873c-fd3d07311ac3,Bronze Ball,FALSE,558c67b8-7cc6-5d06-86f5-9b11161c5d2a,Solo,Hope,10913c23-6023-563d-94df-9b4fb66c3432,United States,USA
49e2bb03-96ed-5dd7-8325-fadb64dd39cb,2011 FIFA Women's World Cup,672468ba-91c6-59fb-99ee-fbd95ceb3da1,Golden Boot,FALSE,004bca73-cb6a-5bca-8dd8-88726a61b1a5,Sawa,Homare,230373b7-3a16-506a-b5f6-acc37d7e801d,Japan,JPN
49e2bb03-96ed-5dd7-8325-fadb64dd39cb,2011 FIFA Women's World Cup,7bce3bf7-bf00-57c4-a233-df30f1649bf4,Best Young Player,FALSE,48579023-a9b6-5e96-9a12-95ab476a11fc,Foord,Caitlin,2d9898be-ff8f-55ef-a86e-167bdeaf3cc6,Australia,AUS
49e2bb03-96ed-5dd7-8325-fadb64dd39cb,2011 FIFA Women's World Cup,dc1a1d87-90b1-53a5-b459-f640fef335fe,Silver Ball,FALSE,158e646a-4668-566e-8280-d03b63290640,Wambach,Abby,10913c23-6023-563d-94df-9b4fb66c3432,United States,USA
49e2bb03-96ed-5dd7-8325-fadb64dd39cb,2011 FIFA Women's World Cup,dffdfdd4-1589-58b6-9d9c-8d7dad85fff3,Bronze Boot,FALSE,158e646a-4668-566e-8280-d03b63290640,Wambach,Abby,10913c23-6023-563d-94df-9b4fb66c3432,United States,USA
49e2bb03-96ed-5dd7-8325-fadb64dd39cb,2011 FIFA Women's World Cup,ffb4a7c1-56a8-5e9b-86c7-c9bafbe0997b,Golden Ball,FALSE,004bca73-cb6a-5bca-8dd8-88726a61b1a5,Sawa,Homare,230373b7-3a16-506a-b5f6-acc37d7e801d,Japan,JPN
4ee70224-a2a3-585b-8bab-8ef5e9464c04,2014 FIFA Men's World Cup,0b160c9c-30db-58a1-b3c3-d1cc97de0cd1,Silver Boot,FALSE,ac2e565e-7c12-57d2-8f3a-1315d9fe7a15,Müller,Thomas,eff0a856-a340-5ec8-84e8-121552da2cda,Germany,DEU
4ee70224-a2a3-585b-8bab-8ef5e9464c04,2014 FIFA Men's World Cup,2706856d-7c29-5046-9965-6757353e7c40,Golden Glove,FALSE,fae907b8-dc21-5767-8030-c0736901a3f8,Neuer,Manuel,eff0a856-a340-5ec8-84e8-121552da2cda,Germany,DEU
4ee70224-a2a3-585b-8bab-8ef5e9464c04,2014 FIFA Men's World Cup,2d56e716-10fa-516e-873c-fd3d07311ac3,Bronze Ball,FALSE,750e2858-7c84-591a-8dd1-88c2cee16907,Robben,Arjen,d522b940-a152-5cc7-bcb3-89e28a1ce459,Netherlands,NLD
4ee70224-a2a3-585b-8bab-8ef5e9464c04,2014 FIFA Men's World Cup,672468ba-91c6-59fb-99ee-fbd95ceb3da1,Golden Boot,FALSE,4c936157-4d63-517d-bdc0-4b594567d23a,Rodríguez,James,3de13983-4604-5a8d-b39c-08d4f279a06b,Colombia,COL
4ee70224-a2a3-585b-8bab-8ef5e9464c04,2014 FIFA Men's World Cup,7bce3bf7-bf00-57c4-a233-df30f1649bf4,Best Young Player,FALSE,472eb89d-43ea-5f7a-8665-f6352ad12b09,Pogba,Paul,3d11f07c-c004-508d-9001-6f944119b2b0,France,FRA
4ee70224-a2a3-585b-8bab-8ef5e9464c04,2014 FIFA Men's World Cup,dc1a1d87-90b1-53a5-b459-f640fef335fe,Silver Ball,FALSE,ac2e565e-7c12-57d2-8f3a-1315d9fe7a15,Müller,Thomas,eff0a856-a340-5ec8-84e8-121552da2cda,Germany,DEU
4ee70224-a2a3-585b-8bab-8ef5e9464c04,2014 FIFA Men's World Cup,dffdfdd4-1589-58b6-9d9c-8d7dad85fff3,Bronze Boot,FALSE,71a6d293-a0d3-545f-83d4-4cb64d16d4c8,Neymar,,498c5353-84ca-5f1c-8d71-0ae02196227c,Brazil,BRA
4ee70224-a2a3-585b-8bab-8ef5e9464c04,2014 FIFA Men's World Cup,ffb4a7c1-56a8-5e9b-86c7-c9bafbe0997b,Golden Ball,FALSE,815f9a08-b302-5959-bf1a-759cf2a34a56,Messi,Lionel,933a103d-d9d7-57a3-9c4a-fbc81d25a266,Argentina,ARG
5628ea07-73ab-57ad-99be-84c20dc96cc0,1954 FIFA Men's World Cup,0b160c9c-30db-58a1-b3c3-d1cc97de0cd1,Silver Boot,TRUE,9ec6452a-820a-50b9-950e-efe78ce214d2,Hügi,Josef,a260026d-34b5-5fdf-8896-fd8997f096b9,Switzerland,CHE
5628ea07-73ab-57ad-99be-84c20dc96cc0,1954 FIFA Men's World Cup,0b160c9c-30db-58a1-b3c3-d1cc97de0cd1,Silver Boot,TRUE,2b4168b8-d118-5c4b-b319-97a405701619,Morlock,Max,adbcf28f-5f27-56bd-bca0-909cf77a8ae0,West Germany,DEU
5628ea07-73ab-57ad-99be-84c20dc96cc0,1954 FIFA Men's World Cup,0b160c9c-30db-58a1-b3c3-d1cc97de0cd1,Silver Boot,TRUE,b659905b-a0ed-51bd-bb9f-6b97adfa5a8a,Probst,Erich,8e63ee49-fbde-5478-a093-1a6a679cc27f,Austria,AUT
5628ea07-73ab-57ad-99be-84c20dc96cc0,1954 FIFA Men's World Cup,672468ba-91c6-59fb-99ee-fbd95ceb3da1,Golden Boot,FALSE,16f008ae-0efe-5c24-b0c3-c3a8d461f3b4,Kocsis,Sándor,f16b7d5c-db54-5b27-b827-e848a3035641,Hungary,HUN
5d9da256-e241-508e-85a7-5a17c07f186a,1950 FIFA Men's World Cup,0b160c9c-30db-58a1-b3c3-d1cc97de0cd1,Silver Boot,FALSE,573decc0-ca0e-555d-a8c6-accd4bdffa4a,Míguez,Oscar,f8764a69-de29-59f5-8e79-715c4bf88a11,Uruguay,URY
5d9da256-e241-508e-85a7-5a17c07f186a,1950 FIFA Men's World Cup,672468ba-91c6-59fb-99ee-fbd95ceb3da1,Golden Boot,FALSE,8b08b945-5e20-5acc-8c9c-966a53f587ab,Ademir,,498c5353-84ca-5f1c-8d71-0ae02196227c,Brazil,BRA
5d9da256-e241-508e-85a7-5a17c07f186a,1950 FIFA Men's World Cup,dffdfdd4-1589-58b6-9d9c-8d7dad85fff3,Bronze Boot,TRUE,8729b71b-db46-58a6-816d-f1f16bf9b2fe,Basora,Estanislau,5b16dd9d-d19c-5484-bac2-f9e932dddd29,Spain,ESP
5d9da256-e241-508e-85a7-5a17c07f186a,1950 FIFA Men's World Cup,dffdfdd4-1589-58b6-9d9c-8d7dad85fff3,Bronze Boot,TRUE,8258d97d-4551-5500-a13a-af91feffa26a,Chico,,498c5353-84ca-5f1c-8d71-0ae02196227c,Brazil,BRA
5d9da256-e241-508e-85a7-5a17c07f186a,1950 FIFA Men's World Cup,dffdfdd4-1589-58b6-9d9c-8d7dad85fff3,Bronze Boot,TRUE,b0ad567b-bb18-5345-a79e-cea117e60fbf,Ghiggia,Alcides,f8764a69-de29-59f5-8e79-715c4bf88a11,Uruguay,URY
5d9da256-e241-508e-85a7-5a17c07f186a,1950 FIFA Men's World Cup,dffdfdd4-1589-58b6-9d9c-8d7dad85fff3,Bronze Boot,TRUE,054d041c-870e-5b30-96cc-3d3bf2e603ea,Zarra,Telmo,5b16dd9d-d19c-5484-bac2-f9e932dddd29,Spain,ESP
6be60fed-dffa-5aa5-89a6-374b2bcb8c92,1958 FIFA Men's World Cup,0b160c9c-30db-58a1-b3c3-d1cc97de0cd1,Silver Boot,TRUE,706445cd-23b9-56b6-8d64-0d9a3f6e8125,Pelé,,498c5353-84ca-5f1c-8d71-0ae02196227c,Brazil,BRA
6be60fed-dffa-5aa5-89a6-374b2bcb8c92,1958 FIFA Men's World Cup,0b160c9c-30db-58a1-b3c3-d1cc97de0cd1,Silver Boot,TRUE,36594778-f2f8-5d20-99b1-2d245483f4ac,Rahn,Helmut,adbcf28f-5f27-56bd-bca0-909cf77a8ae0,West Germany,DEU
6be60fed-dffa-5aa5-89a6-374b2bcb8c92,1958 FIFA Men's World Cup,672468ba-91c6-59fb-99ee-fbd95ceb3da1,Golden Boot,FALSE,e611498a-cd22-5e71-9f6a-16706cc6f3ca,Fontaine,Just,3d11f07c-c004-508d-9001-6f944119b2b0,France,FRA
6be60fed-dffa-5aa5-89a6-374b2bcb8c92,1958 FIFA Men's World Cup,7bce3bf7-bf00-57c4-a233-df30f1649bf4,Best Young Player,FALSE,706445cd-23b9-56b6-8d64-0d9a3f6e8125,Pelé,,498c5353-84ca-5f1c-8d71-0ae02196227c,Brazil,BRA
717bed6b-0e65-5efa-8010-ab689ff32abe,1970 FIFA Men's World Cup,0b160c9c-30db-58a1-b3c3-d1cc97de0cd1,Silver Boot,FALSE,df7e95f2-669e-5d66-a9d7-99afeae3c90a,Jairzinho,,498c5353-84ca-5f1c-8d71-0ae02196227c,Brazil,BRA
717bed6b-0e65-5efa-8010-ab689ff32abe,1970 FIFA Men's World Cup,672468ba-91c6-59fb-99ee-fbd95ceb3da1,Golden Boot,FALSE,cc40fa15-a4e1-53ff-8b63-30280ac05f5f,Müller,Gerd,adbcf28f-5f27-56bd-bca0-909cf77a8ae0,West Germany,DEU
717bed6b-0e65-5efa-8010-ab689ff32abe,1970 FIFA Men's World Cup,7bce3bf7-bf00-57c4-a233-df30f1649bf4,Best Young Player,FALSE,9c3f4876-4e13-5142-bfd2-7b15191d853e,Cubillas,Teófilo,db3abc88-7f89-5183-bc6d-ea6fa7c361d9,Peru,PER
717bed6b-0e65-5efa-8010-ab689ff32abe,1970 FIFA Men's World Cup,dffdfdd4-1589-58b6-9d9c-8d7dad85fff3,Bronze Boot,FALSE,9c3f4876-4e13-5142-bfd2-7b15191d853e,Cubillas,Teófilo,db3abc88-7f89-5183-bc6d-ea6fa7c361d9,Peru,PER
860dc5fb-c8ff-502e-ad19-c34195b265e0,1974 FIFA Men's World Cup,0b160c9c-30db-58a1-b3c3-d1cc97de0cd1,Silver Boot,TRUE,9b7d4443-548a-5814-86f9-a589ba71e80b,Neeskens,Johan,d522b940-a152-5cc7-bcb3-89e28a1ce459,Netherlands,NLD
860dc5fb-c8ff-502e-ad19-c34195b265e0,1974 FIFA Men's World Cup,0b160c9c-30db-58a1-b3c3-d1cc97de0cd1,Silver Boot,TRUE,fb3e0212-9f4a-52b3-b12c-9b2fb55e48eb,Szarmach,Andrzej,fc0455f9-aa03-5b3d-9b41-41854289e993,Poland,POL
860dc5fb-c8ff-502e-ad19-c34195b265e0,1974 FIFA Men's World Cup,672468ba-91c6-59fb-99ee-fbd95ceb3da1,Golden Boot,FALSE,91ee4735-acc4-5e2a-bf5f-3876d20190dd,Lato,Grzegorz,fc0455f9-aa03-5b3d-9b41-41854289e993,Poland,POL
860dc5fb-c8ff-502e-ad19-c34195b265e0,1974 FIFA Men's World Cup,7bce3bf7-bf00-57c4-a233-df30f1649bf4,Best Young Player,FALSE,3f27740e-341d-5593-b57d-3803b09e1b23,Żmuda,Władysław,fc0455f9-aa03-5b3d-9b41-41854289e993,Poland,POL
8e0540a9-ab5d-5e7f-8ed2-417e3e1568a9,1986 FIFA Men's World Cup,0b160c9c-30db-58a1-b3c3-d1cc97de0cd1,Silver Boot,TRUE,6aa6729a-beb2-52f9-a9ca-7bd78d00311c,Butragueño,Emilio,5b16dd9d-d19c-5484-bac2-f9e932dddd29,Spain,ESP
8e0540a9-ab5d-5e7f-8ed2-417e3e1568a9,1986 FIFA Men's World Cup,0b160c9c-30db-58a1-b3c3-d1cc97de0cd1,Silver Boot,TRUE,3892ad77-2e0e-5527-ad84-b886c4d2d9da,Careca,,498c5353-84ca-5f1c-8d71-0ae02196227c,Brazil,BRA
8e0540a9-ab5d-5e7f-8ed2-417e3e1568a9,1986 FIFA Men's World Cup,0b160c9c-30db-58a1-b3c3-d1cc97de0cd1,Silver Boot,TRUE,3f00458e-da43-502e-ad10-2318ba2694df,Maradona,Diego,933a103d-d9d7-57a3-9c4a-fbc81d25a266,Argentina,ARG
8e0540a9-ab5d-5e7f-8ed2-417e3e1568a9,1986 FIFA Men's World Cup,2d56e716-10fa-516e-873c-fd3d07311ac3,Bronze Ball,FALSE,bb4af430-cfbb-58d4-8d63-553088286792,Elkjær,Preben,dfb099cc-e7ea-5e4f-b492-bdbf6e8e179b,Denmark,DNK
8e0540a9-ab5d-5e7f-8ed2-417e3e1568a9,1986 FIFA Men's World Cup,672468ba-91c6-59fb-99ee-fbd95ceb3da1,Golden Boot,FALSE,44c21d1a-7232-5642-8d8d-1607e5c0f026,Lineker,Gary,43c1aac8-fa85-5e16-ba9c-4cfdcbc975b8,England,ENG
8e0540a9-ab5d-5e7f-8ed2-417e3e1568a9,1986 FIFA Men's World Cup,7bce3bf7-bf00-57c4-a233-df30f1649bf4,Best Young Player,FALSE,c5013b42-2695-55c9-836b-f821675c32c6,Scifo,Enzo,3aa56241-3868-505a-ac6a-753aefa79cc2,Belgium,BEL
8e0540a9-ab5d-5e7f-8ed2-417e3e1568a9,1986 FIFA Men's World Cup,dc1a1d87-90b1-53a5-b459-f640fef335fe,Silver Ball,FALSE,6a033d45-4d71-5466-9f40-959b501a5bc8,Schumacher,Harald,adbcf28f-5f27-56bd-bca0-909cf77a8ae0,West Germany,DEU
8e0540a9-ab5d-5e7f-8ed2-417e3e1568a9,1986 FIFA Men's World Cup,ffb4a7c1-56a8-5e9b-86c7-c9bafbe0997b,Golden Ball,FALSE,3f00458e-da43-502e-ad10-2318ba2694df,Maradona,Diego,933a103d-d9d7-57a3-9c4a-fbc81d25a266,Argentina,ARG
97242af1-4f11-5b96-b5f1-026e51f4a3c5,2023 FIFA Women's World Cup,0b160c9c-30db-58a1-b3c3-d1cc97de0cd1,Silver Boot,FALSE,f9d473d3-5254-5c1d-9704-8f7d4cc451b0,Diani,Kadidiatou,3d11f07c-c004-508d-9001-6f944119b2b0,France,FRA
97242af1-4f11-5b96-b5f1-026e51f4a3c5,2023 FIFA Women's World Cup,2706856d-7c29-5046-9965-6757353e7c40,Golden Glove,FALSE,f0460cab-d98e-57f3-81ac-6624c7c02ef0,Earps,Mary,43c1aac8-fa85-5e16-ba9c-4cfdcbc975b8,England,ENG
97242af1-4f11-5b96-b5f1-026e51f4a3c5,2023 FIFA Women's World Cup,2d56e716-10fa-516e-873c-fd3d07311ac3,Bronze Ball,FALSE,30bf1a8e-d221-507a-9040-665b359f6644,Ilestedt,Amanda,3611e724-8c08-5f63-b63d-e1cad6af784c,Sweden,SWE
97242af1-4f11-5b96-b5f1-026e51f4a3c5,2023 FIFA Women's World Cup,672468ba-91c6-59fb-99ee-fbd95ceb3da1,Golden Boot,FALSE,f8b61cf2-4e5f-56e4-af2d-80f3d971d06f,Miyazawa,Hinata,230373b7-3a16-506a-b5f6-acc37d7e801d,Japan,JPN
97242af1-4f11-5b96-b5f1-026e51f4a3c5,2023 FIFA Women's World Cup,7bce3bf7-bf00-57c4-a233-df30f1649bf4,Best Young Player,FALSE,006d6d32-0cbd-5682-8536-b9cab1ea1432,Paralluelo,Salma,5b16dd9d-d19c-5484-bac2-f9e932dddd29,Spain,ESP
97242af1-4f11-5b96-b5f1-026e51f4a3c5,2023 FIFA Women's World Cup,dc1a1d87-90b1-53a5-b459-f640fef335fe,Silver Ball,FALSE,0153ae33-c0e3-58d5-a11e-f233f56ab4b4,Hermoso,Jennifer,5b16dd9d-d19c-5484-bac2-f9e932dddd29,Spain,ESP
97242af1-4f11-5b96-b5f1-026e51f4a3c5,2023 FIFA Women's World Cup,dffdfdd4-1589-58b6-9d9c-8d7dad85fff3,Bronze Boot,FALSE,20cabb1e-4a69-5208-956d-ba293f66ebbc,Popp,Alexandra,eff0a856-a340-5ec8-84e8-121552da2cda,Germany,DEU
97242af1-4f11-5b96-b5f1-026e51f4a3c5,2023 FIFA Women's World Cup,ffb4a7c1-56a8-5e9b-86c7-c9bafbe0997b,Golden Ball,FALSE,96ad4366-403d-57fc-a8ab-41f03cd0d125,Bonmatí,Aitana,5b16dd9d-d19c-5484-bac2-f9e932dddd29,Spain,ESP
980713b4-f72a-5fb3-a406-6de227728b1d,1982 FIFA Men's World Cup,0b160c9c-30db-58a1-b3c3-d1cc97de0cd1,Silver Boot,FALSE,b779ca86-8ac7-568e-af16-5c00f4f48422,Rummenigge,Karl-Heinz,adbcf28f-5f27-56bd-bca0-909cf77a8ae0,West Germany,DEU
980713b4-f72a-5fb3-a406-6de227728b1d,1982 FIFA Men's World Cup,2d56e716-10fa-516e-873c-fd3d07311ac3,Bronze Ball,FALSE,b779ca86-8ac7-568e-af16-5c00f4f48422,Rummenigge,Karl-Heinz,adbcf28f-5f27-56bd-bca0-909cf77a8ae0,West Germany,DEU
980713b4-f72a-5fb3-a406-6de227728b1d,1982 FIFA Men's World Cup,672468ba-91c6-59fb-99ee-fbd95ceb3da1,Golden Boot,FALSE,89c7528b-4e1b-5141-97ed-746c280e9a4a,Rossi,Paolo,a42d3d6a-78dd-5ae6-8408-079a857a7c30,Italy,ITA
980713b4-f72a-5fb3-a406-6de227728b1d,1982 FIFA Men's World Cup,7bce3bf7-bf00-57c4-a233-df30f1649bf4,Best Young Player,FALSE,e531705f-0eb8-5312-ad77-b499fe636568,Amoros,Manuel,3d11f07c-c004-508d-9001-6f944119b2b0,France,FRA
980713b4-f72a-5fb3-a406-6de227728b1d,1982 FIFA Men's World Cup,dc1a1d87-90b1-53a5-b459-f640fef335fe,Silver Ball,FALSE,45dd8982-0ede-52d1-beed-054c0857974b,Falcão,,498c5353-84ca-5f1c-8d71-0ae02196227c,Brazil,BRA
980713b4-f72a-5fb3-a406-6de227728b1d,1982 FIFA Men's World Cup,dffdfdd4-1589-58b6-9d9c-8d7dad85fff3,Bronze Boot,FALSE,d05e7f02-78df-5ff0-adf8-1629609e1606,Zico,,498c5353-84ca-5f1c-8d71-0ae02196227c,Brazil,BRA
980713b4-f72a-5fb3-a406-6de227728b1d,1982 FIFA Men's World Cup,ffb4a7c1-56a8-5e9b-86c7-c9bafbe0997b,Golden Ball,FALSE,89c7528b-4e1b-5141-97ed-746c280e9a4a,Rossi,Paolo,a42d3d6a-78dd-5ae6-8408-079a857a7c30,Italy,ITA
989bb40b-e4d2-554d-b25d-51c776e801e2,2022 FIFA Men's World Cup,0b160c9c-30db-58a1-b3c3-d1cc97de0cd1,Silver Boot,FALSE,815f9a08-b302-5959-bf1a-759cf2a34a56,Messi,Lionel,933a103d-d9d7-57a3-9c4a-fbc81d25a266,Argentina,ARG
989bb40b-e4d2-554d-b25d-51c776e801e2,2022 FIFA Men's World Cup,2706856d-7c29-5046-9965-6757353e7c40,Golden Glove,FALSE,44dc6a3b-ff39-5fa3-93ee-ca94e69bec50,Martínez,Emiliano,933a103d-d9d7-57a3-9c4a-fbc81d25a266,Argentina,ARG
989bb40b-e4d2-554d-b25d-51c776e801e2,2022 FIFA Men's World Cup,2d56e716-10fa-516e-873c-fd3d07311ac3,Bronze Ball,FALSE,36378d2c-59c1-5ed4-8030-08041f7b9eeb,Modrić,Luka,0db8bc49-3546-517c-af2c-7abd04ae2214,Croatia,HRV
989bb40b-e4d2-554d-b25d-51c776e801e2,2022 FIFA Men's World Cup,672468ba-91c6-59fb-99ee-fbd95ceb3da1,Golden Boot,FALSE,3ea58353-474b-5011-a28c-af53e448cfc5,Mbappé,Kylian,3d11f07c-c004-508d-9001-6f944119b2b0,France,FRA
989bb40b-e4d2-554d-b25d-51c776e801e2,2022 FIFA Men's World Cup,7bce3bf7-bf00-57c4-a233-df30f1649bf4,Best Young Player,FALSE,534b8fa7-65cc-52b1-a1fe-743bdbc7d805,Fernández,Enzo,933a103d-d9d7-57a3-9c4a-fbc81d25a266,Argentina,ARG
989bb40b-e4d2-554d-b25d-51c776e801e2,2022 FIFA Men's World Cup,dc1a1d87-90b1-53a5-b459-f640fef335fe,Silver Ball,FALSE,3ea58353-474b-5011-a28c-af53e448cfc5,Mbappé,Kylian,3d11f07c-c004-508d-9001-6f944119b2b0,France,FRA
989bb40b-e4d2-554d-b25d-51c776e801e2,2022 FIFA Men's World Cup,dffdfdd4-1589-58b6-9d9c-8d7dad85fff3,Bronze Boot,FALSE,344155a3-7453-539a-b0f9-5b780436c5bd,Giroud,Olivier,3d11f07c-c004-508d-9001-6f944119b2b0,France,FRA
989bb40b-e4d2-554d-b25d-51c776e801e2,2022 FIFA Men's World Cup,ffb4a7c1-56a8-5e9b-86c7-c9bafbe0997b,Golden Ball,FALSE,815f9a08-b302-5959-bf1a-759cf2a34a56,Messi,Lionel,933a103d-d9d7-57a3-9c4a-fbc81d25a266,Argentina,ARG
a3355eb2-b9f4-5e9c-92d3-dc9cb37177b6,2010 FIFA Men's World Cup,0b160c9c-30db-58a1-b3c3-d1cc97de0cd1,Silver Boot,FALSE,2b9ca28d-1a77-58e2-b9c9-bed97e2a8233,Villa,David,5b16dd9d-d19c-5484-bac2-f9e932dddd29,Spain,ESP
a3355eb2-b9f4-5e9c-92d3-dc9cb37177b6,2010 FIFA Men's World Cup,2706856d-7c29-5046-9965-6757353e7c40,Golden Glove,FALSE,b57e03b5-2f1e-5f13-97ed-d7580db99be5,Casillas,Iker,5b16dd9d-d19c-5484-bac2-f9e932dddd29,Spain,ESP
a3355eb2-b9f4-5e9c-92d3-dc9cb37177b6,2010 FIFA Men's World Cup,2d56e716-10fa-516e-873c-fd3d07311ac3,Bronze Ball,FALSE,2b9ca28d-1a77-58e2-b9c9-bed97e2a8233,Villa,David,5b16dd9d-d19c-5484-bac2-f9e932dddd29,Spain,ESP
a3355eb2-b9f4-5e9c-92d3-dc9cb37177b6,2010 FIFA Men's World Cup,672468ba-91c6-59fb-99ee-fbd95ceb3da1,Golden Boot,FALSE,ac2e565e-7c12-57d2-8f3a-1315d9fe7a15,Müller,Thomas,eff0a856-a340-5ec8-84e8-121552da2cda,Germany,DEU
a3355eb2-b9f4-5e9c-92d3-dc9cb37177b6,2010 FIFA Men's World Cup,7bce3bf7-bf00-57c4-a233-df30f1649bf4,Best Young Player,FALSE,ac2e565e-7c12-57d2-8f3a-1315d9fe7a15,Müller,Thomas,eff0a856-a340-5ec8-84e8-121552da2cda,Germany,DEU
a3355eb2-b9f4-5e9c-92d3-dc9cb37177b6,2010 FIFA Men's World Cup,dc1a1d87-90b1-53a5-b459-f640fef335fe,Silver Ball,FALSE,bb23b5b6-c2de-5d14-88fe-f67a7755e02c,Sneijder,Wesley,d522b940-a152-5cc7-bcb3-89e28a1ce459,Netherlands,NLD
a3355eb2-b9f4-5e9c-92d3-dc9cb37177b6,2010 FIFA Men's World Cup,dffdfdd4-1589-58b6-9d9c-8d7dad85fff3,Bronze Boot,FALSE,bb23b5b6-c2de-5d14-88fe-f67a7755e02c,Sneijder,Wesley,d522b940-a152-5cc7-bcb3-89e28a1ce459,Netherlands,NLD
a3355eb2-b9f4-5e9c-92d3-dc9cb37177b6,2010 FIFA Men's World Cup,ffb4a7c1-56a8-5e9b-86c7-c9bafbe0997b,Golden Ball,FALSE,a4223689-acbc-5480-9194-b61c9ac4ed11,Forlán,Diego,f8764a69-de29-59f5-8e79-715c4bf88a11,Uruguay,URY
c18a4889-5b51-5337-bc1a-a0731c1d97eb,2002 FIFA Men's World Cup,0b160c9c-30db-58a1-b3c3-d1cc97de0cd1,Silver Boot,TRUE,41f73bc6-c52c-5f4b-8e71-8137daa777d3,Klose,Miroslav,eff0a856-a340-5ec8-84e8-121552da2cda,Germany,DEU
c18a4889-5b51-5337-bc1a-a0731c1d97eb,2002 FIFA Men's World Cup,0b160c9c-30db-58a1-b3c3-d1cc97de0cd1,Silver Boot,TRUE,3bf52051-d43a-5b2b-9dbc-281ba13f5969,Rivaldo,,498c5353-84ca-5f1c-8d71-0ae02196227c,Brazil,BRA
c18a4889-5b51-5337-bc1a-a0731c1d97eb,2002 FIFA Men's World Cup,2706856d-7c29-5046-9965-6757353e7c40,Golden Glove,FALSE,265bed90-69e8-5560-a174-9d2ab5ab8c9e,Kahn,Oliver,eff0a856-a340-5ec8-84e8-121552da2cda,Germany,DEU
c18a4889-5b51-5337-bc1a-a0731c1d97eb,2002 FIFA Men's World Cup,2d56e716-10fa-516e-873c-fd3d07311ac3,Bronze Ball,FALSE,57cda019-5723-50c3-b65a-c9d43cb4a66f,Hong,Myung-bo,83f65ffa-c76e-5ace-8c09-c87d141a3916,South Korea,KOR
c18a4889-5b51-5337-bc1a-a0731c1d97eb,2002 FIFA Men's World Cup,672468ba-91c6-59fb-99ee-fbd95ceb3da1,Golden Boot,FALSE,c6d7a149-4d7b-59f8-8b38-6acaa67f72f5,Ronaldo,,498c5353-84ca-5f1c-8d71-0ae02196227c,Brazil,BRA
c18a4889-5b51-5337-bc1a-a0731c1d97eb,2002 FIFA Men's World Cup,7bce3bf7-bf00-57c4-a233-df30f1649bf4,Best Young Player,FALSE,0331f14f-8ff1-5f99-b0db-753ad30f3330,Donovan,Landon,10913c23-6023-563d-94df-9b4fb66c3432,United States,USA
c18a4889-5b51-5337-bc1a-a0731c1d97eb,2002 FIFA Men's World Cup,dc1a1d87-90b1-53a5-b459-f640fef335fe,Silver Ball,FALSE,c6d7a149-4d7b-59f8-8b38-6acaa67f72f5,Ronaldo,,498c5353-84ca-5f1c-8d71-0ae02196227c,Brazil,BRA
c18a4889-5b51-5337-bc1a-a0731c1d97eb,2002 FIFA Men's World Cup,ffb4a7c1-56a8-5e9b-86c7-c9bafbe0997b,Golden Ball,FALSE,265bed90-69e8-5560-a174-9d2ab5ab8c9e,Kahn,Oliver,eff0a856-a340-5ec8-84e8-121552da2cda,Germany,DEU
cb194f04-c36a-5525-a51a-2219d44c0be3,1991 FIFA Women's World Cup,0b160c9c-30db-58a1-b3c3-d1cc97de0cd1,Silver Boot,FALSE,aca38003-5577-5d7c-9a40-2b8f34083761,Mohr,Heidi,eff0a856-a340-5ec8-84e8-121552da2cda,Germany,DEU
cb194f04-c36a-5525-a51a-2219d44c0be3,1991 FIFA Women's World Cup,2d56e716-10fa-516e-873c-fd3d07311ac3,Bronze Ball,FALSE,f65e511a-5d23-53be-a3d1-fdae6194096e,Medalen,Linda,187544dc-4b46-5bf6-a079-e124899a9090,Norway,NOR
cb194f04-c36a-5525-a51a-2219d44c0be3,1991 FIFA Women's World Cup,672468ba-91c6-59fb-99ee-fbd95ceb3da1,Golden Boot,FALSE,f391f2ac-4261-57a6-88dd-be7bf840f44f,Akers,Michelle,10913c23-6023-563d-94df-9b4fb66c3432,United States,USA
cb194f04-c36a-5525-a51a-2219d44c0be3,1991 FIFA Women's World Cup,dc1a1d87-90b1-53a5-b459-f640fef335fe,Silver Ball,FALSE,f391f2ac-4261-57a6-88dd-be7bf840f44f,Akers,Michelle,10913c23-6023-563d-94df-9b4fb66c3432,United States,USA
cb194f04-c36a-5525-a51a-2219d44c0be3,1991 FIFA Women's World Cup,dffdfdd4-1589-58b6-9d9c-8d7dad85fff3,Bronze Boot,TRUE,e9cf2007-cf4c-59c8-94a5-02339f2d6a4b,Jennings-Gabarra,Carin,10913c23-6023-563d-94df-9b4fb66c3432,United States,USA
cb194f04-c36a-5525-a51a-2219d44c0be3,1991 FIFA Women's World Cup,dffdfdd4-1589-58b6-9d9c-8d7dad85fff3,Bronze Boot,TRUE,f65e511a-5d23-53be-a3d1-fdae6194096e,Medalen,Linda,187544dc-4b46-5bf6-a079-e124899a9090,Norway,NOR
cb194f04-c36a-5525-a51a-2219d44c0be3,1991 FIFA Women's World Cup,ffb4a7c1-56a8-5e9b-86c7-c9bafbe0997b,Golden Ball,FALSE,e9cf2007-cf4c-59c8-94a5-02339f2d6a4b,Jennings-Gabarra,Carin,10913c23-6023-563d-94df-9b4fb66c3432,United States,USA
d52279b1-f4bd-5228-862f-a0a23d6cd16d,2006 FIFA Men's World Cup,0b160c9c-30db-58a1-b3c3-d1cc97de0cd1,Silver Boot,FALSE,31c28ea9-9635-58cb-b707-b1ff1a12e118,Crespo,Hernán,933a103d-d9d7-57a3-9c4a-fbc81d25a266,Argentina,ARG
d52279b1-f4bd-5228-862f-a0a23d6cd16d,2006 FIFA Men's World Cup,2706856d-7c29-5046-9965-6757353e7c40,Golden Glove,FALSE,3d75230c-f4fd-5942-8a69-e613e0b0ab78,Buffon,Gianluigi,a42d3d6a-78dd-5ae6-8408-079a857a7c30,Italy,ITA
d52279b1-f4bd-5228-862f-a0a23d6cd16d,2006 FIFA Men's World Cup,2d56e716-10fa-516e-873c-fd3d07311ac3,Bronze Ball,FALSE,96b607d4-70fb-5ef6-8c5b-46a1e28ccc7e,Pirlo,Andrea,a42d3d6a-78dd-5ae6-8408-079a857a7c30,Italy,ITA
d52279b1-f4bd-5228-862f-a0a23d6cd16d,2006 FIFA Men's World Cup,672468ba-91c6-59fb-99ee-fbd95ceb3da1,Golden Boot,FALSE,41f73bc6-c52c-5f4b-8e71-8137daa777d3,Klose,Miroslav,eff0a856-a340-5ec8-84e8-121552da2cda,Germany,DEU
d52279b1-f4bd-5228-862f-a0a23d6cd16d,2006 FIFA Men's World Cup,7bce3bf7-bf00-57c4-a233-df30f1649bf4,Best Young Player,FALSE,ce444862-4674-5231-9c5d-9d50f1656d76,Podolski,Lukas,eff0a856-a340-5ec8-84e8-121552da2cda,Germany,DEU
d52279b1-f4bd-5228-862f-a0a23d6cd16d,2006 FIFA Men's World Cup,dc1a1d87-90b1-53a5-b459-f640fef335fe,Silver Ball,FALSE,d3ee5d2b-1bd1-581a-aa82-52f5b4cb9c0e,Cannavaro,Fabio,a42d3d6a-78dd-5ae6-8408-079a857a7c30,Italy,ITA
d52279b1-f4bd-5228-862f-a0a23d6cd16d,2006 FIFA Men's World Cup,dffdfdd4-1589-58b6-9d9c-8d7dad85fff3,Bronze Boot,FALSE,c6d7a149-4d7b-59f8-8b38-6acaa67f72f5,Ronaldo,,498c5353-84ca-5f1c-8d71-0ae02196227c,Brazil,BRA
d52279b1-f4bd-5228-862f-a0a23d6cd16d,2006 FIFA Men's World Cup,ffb4a7c1-56a8-5e9b-86c7-c9bafbe0997b,Golden Ball,FALSE,c1ce7ba5-2832-5ec6-b39e-1698aa7a5d97,Zidane,Zinedine,3d11f07c-c004-508d-9001-6f944119b2b0,France,FRA
eae9dec6-fcb0-5343-8f9b-c07e3895e50a,2007 FIFA Women's World Cup,0b160c9c-30db-58a1-b3c3-d1cc97de0cd1,Silver Boot,FALSE,158e646a-4668-566e-8280-d03b63290640,Wambach,Abby,10913c23-6023-563d-94df-9b4fb66c3432,United States,USA
eae9dec6-fcb0-5343-8f9b-c07e3895e50a,2007 FIFA Women's World Cup,2706856d-7c29-5046-9965-6757353e7c40,Golden Glove,FALSE,88c7ea57-35e6-58de-97a3-3729eeaae87c,Angerer,Nadine,eff0a856-a340-5ec8-84e8-121552da2cda,Germany,DEU
eae9dec6-fcb0-5343-8f9b-c07e3895e50a,2007 FIFA Women's World Cup,2d56e716-10fa-516e-873c-fd3d07311ac3,Bronze Ball,FALSE,0eb58918-09eb-566d-835f-76c3877c264d,Cristiane,,498c5353-84ca-5f1c-8d71-0ae02196227c,Brazil,BRA
eae9dec6-fcb0-5343-8f9b-c07e3895e50a,2007 FIFA Women's World Cup,672468ba-91c6-59fb-99ee-fbd95ceb3da1,Golden Boot,FALSE,08b1c0bd-3a74-503f-b0f2-10eb4553061f,Marta,,498c5353-84ca-5f1c-8d71-0ae02196227c,Brazil,BRA
eae9dec6-fcb0-5343-8f9b-c07e3895e50a,2007 FIFA Women's World Cup,dc1a1d87-90b1-53a5-b459-f640fef335fe,Silver Ball,FALSE,7d72f96a-b5f0-5c5c-b215-4fdd60d4c816,Prinz,Birgit,eff0a856-a340-5ec8-84e8-121552da2cda,Germany,DEU
eae9dec6-fcb0-5343-8f9b-c07e3895e50a,2007 FIFA Women's World Cup,dffdfdd4-1589-58b6-9d9c-8d7dad85fff3,Bronze Boot,FALSE,8dc494a3-3c1d-574e-907f-2fafc82ac367,Gulbrandsen,Ragnhild,187544dc-4b46-5bf6-a079-e124899a9090,Norway,NOR
eae9dec6-fcb0-5343-8f9b-c07e3895e50a,2007 FIFA Women's World Cup,ffb4a7c1-56a8-5e9b-86c7-c9bafbe0997b,Golden Ball,FALSE,08b1c0bd-3a74-503f-b0f2-10eb4553061f,Marta,,498c5353-84ca-5f1c-8d71-0ae02196227c,Brazil,BRA
f8183740-0c58-50c1-98eb-1bb1e1148304,1934 FIFA Men's World Cup,0b160c9c-30db-58a1-b3c3-d1cc97de0cd1,Silver Boot,TRUE,158e1cff-c7bd-5406-8df4-cd35b3f70706,Conen,Edmund,eff0a856-a340-5ec8-84e8-121552da2cda,Germany,DEU
f8183740-0c58-50c1-98eb-1bb1e1148304,1934 FIFA Men's World Cup,0b160c9c-30db-58a1-b3c3-d1cc97de0cd1,Silver Boot,TRUE,26f07220-9dac-5530-b6b1-900158b0848a,Schiavio,Angelo,a42d3d6a-78dd-5ae6-8408-079a857a7c30,Italy,ITA
f8183740-0c58-50c1-98eb-1bb1e1148304,1934 FIFA Men's World Cup,672468ba-91c6-59fb-99ee-fbd95ceb3da1,Golden Boot,FALSE,f35407ce-69f9-5252-9bdf-0d3e842402fe,Nejedlý,Oldřich,cf23603f-09d6-52e6-9c7e-fb8db4554297,Czechoslovakia,CSK
f97aa139-2102-5d5d-adbe-eb5f91a07de6,1962 FIFA Men's World Cup,672468ba-91c6-59fb-99ee-fbd95ceb3da1,Golden Boot,TRUE,6a5f4065-ff5a-5daf-a30d-98fc2c0c760c,Albert,Flórián,f16b7d5c-db54-5b27-b827-e848a3035641,Hungary,HUN
f97aa139-2102-5d5d-adbe-eb5f91a07de6,1962 FIFA Men's World Cup,672468ba-91c6-59fb-99ee-fbd95ceb3da1,Golden Boot,TRUE,5d98496e-60cc-555e-a138-b918f80168ca,Garrincha,,498c5353-84ca-5f1c-8d71-0ae02196227c,Brazil,BRA
f97aa139-2102-5d5d-adbe-eb5f91a07de6,1962 FIFA Men's World Cup,672468ba-91c6-59fb-99ee-fbd95ceb3da1,Golden Boot,TRUE,c3a55f0c-af27-50ce-bacc-d1c7dd66ff90,Ivanov,Valentin,6c983d26-03e1-5649-a13f-42b61e101a0e,Soviet Union,SUN
f97aa139-2102-5d5d-adbe-eb5f91a07de6,1962 FIFA Men's World Cup,672468ba-91c6-59fb-99ee-fbd95ceb3da1,Golden Boot,TRUE,75b3b90f-aa66-5aab-b80d-4beb9c53b59f,Jerković,Dražan,9a9be60e-89da-590c-95a8-6e5802b5deb5,Yugoslavia,YUG
f97aa139-2102-5d5d-adbe-eb5f91a07de6,1962 FIFA Men's World Cup,672468ba-91c6-59fb-99ee-fbd95ceb3da1,Golden Boot,TRUE,c421f6f7-6398-5b4b-89d2-ccf45ff30ac7,Sánchez,Leonel,879c1298-9904-5b96-8f25-5e7d455ae2ec,Chile,CHL
f97aa139-2102-5d5d-adbe-eb5f91a07de6,1962 FIFA Men's World Cup,672468ba-91c6-59fb-99ee-fbd95ceb3da1,Golden Boot,TRUE,489edf7d-e5bf-53ce-9aff-68cbc2f67e99,Vavá,,498c5353-84ca-5f1c-8d71-0ae02196227c,Brazil,BRA
f97aa139-2102-5d5d-adbe-eb5f91a07de6,1962 FIFA Men's World Cup,7bce3bf7-bf00-57c4-a233-df30f1649bf4,Best Young Player,FALSE,6a5f4065-ff5a-5daf-a30d-98fc2c0c760c,Albert,Flórián,f16b7d5c-db54-5b27-b827-e848a3035641,Hungary,HUN
fbe31e5e-d2a1-50dd-a5ca-93784ee9f889,1998 FIFA Men's World Cup,0b160c9c-30db-58a1-b3c3-d1cc97de0cd1,Silver Boot,TRUE,b9ee0af3-0bc4-5d1d-aa2a-0ede858b5147,Batistuta,Gabriel,933a103d-d9d7-57a3-9c4a-fbc81d25a266,Argentina,ARG
fbe31e5e-d2a1-50dd-a5ca-93784ee9f889,1998 FIFA Men's World Cup,0b160c9c-30db-58a1-b3c3-d1cc97de0cd1,Silver Boot,TRUE,b4454bbe-c865-5356-9f54-4a7722deeea4,Vieri,Christian,a42d3d6a-78dd-5ae6-8408-079a857a7c30,Italy,ITA
fbe31e5e-d2a1-50dd-a5ca-93784ee9f889,1998 FIFA Men's World Cup,2706856d-7c29-5046-9965-6757353e7c40,Golden Glove,FALSE,35b6b6f2-77fc-586e-bef6-f57e9830b334,Barthez,Fabien,3d11f07c-c004-508d-9001-6f944119b2b0,France,FRA
fbe31e5e-d2a1-50dd-a5ca-93784ee9f889,1998 FIFA Men's World Cup,2d56e716-10fa-516e-873c-fd3d07311ac3,Bronze Ball,FALSE,095d4dae-97f5-5d35-b237-94e9816e2aff,Thuram,Lilian,3d11f07c-c004-508d-9001-6f944119b2b0,France,FRA
fbe31e5e-d2a1-50dd-a5ca-93784ee9f889,1998 FIFA Men's World Cup,672468ba-91c6-59fb-99ee-fbd95ceb3da1,Golden Boot,FALSE,3e48e77f-d637-5a57-a13e-0b28d358ce7e,Šuker,Davor,0db8bc49-3546-517c-af2c-7abd04ae2214,Croatia,HRV
fbe31e5e-d2a1-50dd-a5ca-93784ee9f889,1998 FIFA Men's World Cup,672468ba-91c6-59fb-99ee-fbd95ceb3da1,Golden Boot,FALSE,46e60e95-b648-59c8-9600-d61ac9684e29,Šuker,Davor,0db8bc49-3546-517c-af2c-7abd04ae2214,Croatia,HRV
fbe31e5e-d2a1-50dd-a5ca-93784ee9f889,1998 FIFA Men's World Cup,7bce3bf7-bf00-57c4-a233-df30f1649bf4,Best Young Player,FALSE,04287b0d-24cb-5c63-8583-7ec03173ce19,Owen,Michael,43c1aac8-fa85-5e16-ba9c-4cfdcbc975b8,England,ENG
fbe31e5e-d2a1-50dd-a5ca-93784ee9f889,1998 FIFA Men's World Cup,dc1a1d87-90b1-53a5-b459-f640fef335fe,Silver Ball,FALSE,3e48e77f-d637-5a57-a13e-0b28d358ce7e,Šuker,Davor,0db8bc49-3546-517c-af2c-7abd04ae2214,Croatia,HRV
fbe31e5e-d2a1-50dd-a5ca-93784ee9f889,1998 FIFA Men's World Cup,dc1a1d87-90b1-53a5-b459-f640fef335fe,Silver Ball,FALSE,46e60e95-b648-59c8-9600-d61ac9684e29,Šuker,Davor,0db8bc49-3546-517c-af2c-7abd04ae2214,Croatia,HRV
fbe31e5e-d2a1-50dd-a5ca-93784ee9f889,1998 FIFA Men's World Cup,ffb4a7c1-56a8-5e9b-86c7-c9bafbe0997b,Golden Ball,FALSE,c6d7a149-4d7b-59f8-8b38-6acaa67f72f5,Ronaldo,,498c5353-84ca-5f1c-8d71-0ae02196227c,Brazil,BRA
